商品标题,商品首图,商品其他图片
h150 WE11DONE官网25SS春夏新款简约LOGO印花短袖T恤,http://pic.yupoo.com/lol2024/e38c2c13/a526ede3.jpeg,"http://pic.yupoo.com/lol2024/f83a5cdf/5feaf30e.jpg
http://pic.yupoo.com/lol2024/745eea38/e8a1bec6.jpg
http://pic.yupoo.com/lol2024/97af3ee2/50edec2d.jpg
http://pic.yupoo.com/lol2024/14b4f913/8c3d6708.jpg
http://pic.yupoo.com/lol2024/2b0a6ba6/80703af5.jpg
http://pic.yupoo.com/lol2024/d27311b8/c9f6fae5.jpg
http://pic.yupoo.com/lol2024/f3b0beee/dbd0c545.jpg
http://pic.yupoo.com/lol2024/017d056a/d630dc5f.jpg
http://pic.yupoo.com/lol2024/6605a2e3/37aa88e1.jpg
http://pic.yupoo.com/lol2024/338933da/a5725753.jpg
http://pic.yupoo.com/lol2024/cd8790a2/02c84742.jpg
http://pic.yupoo.com/lol2024/50068d1e/efd1b461.jpg
http://pic.yupoo.com/lol2024/930f723e/238d4042.jpg"
WE11DONE 26SS官网明星同款彩色喷绘LOGO印花短袖T恤,http://pic.yupoo.com/lol2024/8509701b/0a03dc89.jpeg,"http://pic.yupoo.com/lol2024/574ca689/a5c0ad0d.jpeg
http://pic.yupoo.com/lol2024/414c35e8/cd2ee6ad.jpeg
http://pic.yupoo.com/lol2024/3d2a5fb5/c1552a62.jpeg
http://pic.yupoo.com/lol2024/a1a3964d/3728160e.jpeg
http://pic.yupoo.com/lol2024/aec3170d/9498f86d.jpeg
http://pic.yupoo.com/lol2024/af436814/f4228521.jpeg
http://pic.yupoo.com/lol2024/8de611c4/29f2f222.jpeg
http://pic.yupoo.com/lol2024/03fd898a/666641c5.jpeg
http://pic.yupoo.com/lol2024/e223b040/9a27dd07.jpeg
http://pic.yupoo.com/lol2024/81427e22/4b272081.jpeg
http://pic.yupoo.com/lol2024/88b726bc/1995db32.jpeg
http://pic.yupoo.com/lol2024/37f340ac/effb646d.jpeg
http://pic.yupoo.com/lol2024/4037adc4/0d835515.jpeg"
WE11DONE 26SS官网明星同款彩色喷绘LOGO印花短袖T恤,http://pic.yupoo.com/lol2024/07ab4161/d22fff54.jpeg,"http://pic.yupoo.com/lol2024/4712411e/296eb4d7.jpeg
http://pic.yupoo.com/lol2024/fffc6da0/3d74948f.jpeg
http://pic.yupoo.com/lol2024/1957a08b/35a4a698.jpeg
http://pic.yupoo.com/lol2024/bf3dc606/35ea0a06.jpeg
http://pic.yupoo.com/lol2024/9d6093c3/07b2ca3b.jpeg
http://pic.yupoo.com/lol2024/38f8ff1f/c2a8bc36.jpeg
http://pic.yupoo.com/lol2024/c239439e/23fe6e5a.jpeg
http://pic.yupoo.com/lol2024/97f63121/47fc82f9.jpeg
http://pic.yupoo.com/lol2024/26cb9e4a/10f1cfe6.jpeg
http://pic.yupoo.com/lol2024/51289625/ce166066.jpeg
http://pic.yupoo.com/lol2024/968a9ffc/4bb3c09a.jpeg
http://pic.yupoo.com/lol2024/36bdb924/54243606.jpeg
http://pic.yupoo.com/lol2024/7a8a713e/3bde178b.jpeg"
WE11DONE官网边伯贤宋雨琦同款上身彩色涂鸦手绘印花短袖T恤衫,http://pic.yupoo.com/lol2024/4b27614f/5547e428.jpeg,"http://pic.yupoo.com/lol2024/c44c3f1e/bfca7cab.jpeg
http://pic.yupoo.com/lol2024/d17913c9/c00c529c.jpeg
http://pic.yupoo.com/lol2024/1681a19e/7c1be993.jpeg
http://pic.yupoo.com/lol2024/412256e6/44c79baf.jpeg
http://pic.yupoo.com/lol2024/d4f7e2f1/3a4d48f3.jpeg
http://pic.yupoo.com/lol2024/02ee67f4/153ba92d.jpeg
http://pic.yupoo.com/lol2024/ffe723e1/cf4328e3.jpeg
http://pic.yupoo.com/lol2024/34a30e49/2e81fbe3.jpeg
http://pic.yupoo.com/lol2024/cb476047/8b817f83.jpeg
http://pic.yupoo.com/lol2024/ecfc8c5a/bc7c8e23.jpeg
http://pic.yupoo.com/lol2024/ca73eb52/31955dd0.jpeg
http://pic.yupoo.com/lol2024/02f62ce4/bf6af3e6.jpeg
http://pic.yupoo.com/lol2024/5df14abd/a164b27d.jpeg"
WE11DONE官网边伯贤宋雨琦同款上身彩色涂鸦手绘印花短袖T恤衫,http://pic.yupoo.com/lol2024/c17ea6c8/f354f09a.jpeg,"http://pic.yupoo.com/lol2024/a7ea889a/19d8c379.jpeg
http://pic.yupoo.com/lol2024/ba50ab45/532f3840.jpeg
http://pic.yupoo.com/lol2024/15d1702d/d58da381.jpeg
http://pic.yupoo.com/lol2024/97cd712f/ed137225.jpeg
http://pic.yupoo.com/lol2024/be605ce7/0848a2f6.jpeg
http://pic.yupoo.com/lol2024/ba7607f0/085b9165.jpeg
http://pic.yupoo.com/lol2024/9fb43971/7228e465.jpeg
http://pic.yupoo.com/lol2024/c35aea11/823701ca.jpeg
http://pic.yupoo.com/lol2024/92c3c2f5/8ebd2b77.jpeg
http://pic.yupoo.com/lol2024/afed1b97/058c060e.jpeg
http://pic.yupoo.com/lol2024/bf5c65ea/e71cbd75.jpeg
http://pic.yupoo.com/lol2024/c6dfe9b4/d2067590.jpeg
http://pic.yupoo.com/lol2024/31fdb7c2/aa997cf6.jpeg"
WE11DONE 26SS官网十周年纪念款简约LOGO印花短袖T恤,http://pic.yupoo.com/lol2024/64de9bf1/b0ebb3dc.jpeg,"http://pic.yupoo.com/lol2024/9ba61b1a/604bec09.jpeg
http://pic.yupoo.com/lol2024/23d80fd6/3e560dda.jpeg
http://pic.yupoo.com/lol2024/80e22f4d/048c192e.jpeg
http://pic.yupoo.com/lol2024/10409baf/98df9947.jpeg
http://pic.yupoo.com/lol2024/dd3a881d/c44a07d0.jpeg
http://pic.yupoo.com/lol2024/279985ee/2e022737.jpeg
http://pic.yupoo.com/lol2024/0793e1d4/ef5c45e8.jpeg
http://pic.yupoo.com/lol2024/bda80ddb/500166a0.jpeg
http://pic.yupoo.com/lol2024/a5a6d271/b5303001.jpeg
http://pic.yupoo.com/lol2024/25dcac00/bcf4b43b.jpeg
http://pic.yupoo.com/lol2024/b9f71cb2/c5725397.jpeg
http://pic.yupoo.com/lol2024/1a2e8772/1793f3d3.jpeg
http://pic.yupoo.com/lol2024/0011b02e/eccf02db.jpeg"
WE11DONE 26SS官网十周年纪念款简约LOGO印花短袖T恤,http://pic.yupoo.com/lol2024/ed787981/48020ca3.jpeg,"http://pic.yupoo.com/lol2024/d53650a7/9b08dbb3.jpeg
http://pic.yupoo.com/lol2024/79c2d4f5/1ca1443c.jpeg
http://pic.yupoo.com/lol2024/394898e4/1abc592e.jpeg
http://pic.yupoo.com/lol2024/f65898d4/70f01736.jpeg
http://pic.yupoo.com/lol2024/65fb1f39/4b6f688e.jpeg
http://pic.yupoo.com/lol2024/5fa3ebff/01d3b97d.jpeg
http://pic.yupoo.com/lol2024/e9678daa/63635a55.jpeg
http://pic.yupoo.com/lol2024/aaabff93/84ff5824.jpeg
http://pic.yupoo.com/lol2024/4d140d93/9c009dd3.jpeg
http://pic.yupoo.com/lol2024/ed5d06ce/9d59b3dd.jpeg
http://pic.yupoo.com/lol2024/e40b11ff/9f1b39ea.jpeg
http://pic.yupoo.com/lol2024/72d2acb9/41e9a6ee.jpeg
http://pic.yupoo.com/lol2024/d50ebeff/22d3b51c.jpeg"
WE11DONE 26SS官网十周年纪念款简约LOGO印花短袖T恤,http://pic.yupoo.com/lol2024/0be30aec/2c506372.jpeg,"http://pic.yupoo.com/lol2024/87ac183f/4670971f.jpeg
http://pic.yupoo.com/lol2024/141335ec/5b47bcbd.jpeg
http://pic.yupoo.com/lol2024/6718d894/0f004041.jpeg
http://pic.yupoo.com/lol2024/81c12f08/9657e726.jpeg
http://pic.yupoo.com/lol2024/d3b9a299/c63ca8d7.jpeg
http://pic.yupoo.com/lol2024/7266b1e0/2e5dc67d.jpeg
http://pic.yupoo.com/lol2024/630218f3/724754f4.jpeg
http://pic.yupoo.com/lol2024/c574f790/f3a49708.jpeg
http://pic.yupoo.com/lol2024/06b54a92/2b8ba0f1.jpeg
http://pic.yupoo.com/lol2024/b9596ad2/a6568400.jpeg
http://pic.yupoo.com/lol2024/ad0470a9/06d2639e.jpeg
http://pic.yupoo.com/lol2024/edcb8735/378e4f25.jpeg
http://pic.yupoo.com/lol2024/cf8f6b40/1b6e4672.jpeg"
WELLDONE官网经典百搭简约撞色Logo图案男女同款短袖T恤,http://pic.yupoo.com/lol2024/3c0ed28e/185f3235.jpeg,"http://pic.yupoo.com/lol2024/d7364127/5a8ef9e5.jpeg
http://pic.yupoo.com/lol2024/b5cbdeee/e70555ed.jpeg
http://pic.yupoo.com/lol2024/1808aa0d/3e268e5c.jpeg
http://pic.yupoo.com/lol2024/5e0d10d2/2aa28d00.jpeg
http://pic.yupoo.com/lol2024/15f9fa06/22a7205a.jpeg
http://pic.yupoo.com/lol2024/8ce5567d/db80590e.jpeg
http://pic.yupoo.com/lol2024/5bb72616/2e7657fd.jpeg
http://pic.yupoo.com/lol2024/a1f109ef/e787decd.jpeg
http://pic.yupoo.com/lol2024/bb96370a/1351987a.jpeg
http://pic.yupoo.com/lol2024/87833d56/d599b283.jpeg
http://pic.yupoo.com/lol2024/4b5dea6b/9c701521.jpeg
http://pic.yupoo.com/lol2024/5ded2bde/59325dd7.jpeg
http://pic.yupoo.com/lol2024/34e24fe2/7f620e68.jpeg"
WELLDONE官网经典百搭简约撞色Logo图案男女同款短袖T恤,http://pic.yupoo.com/lol2024/6f44bc2c/ff12c9f1.jpeg,"http://pic.yupoo.com/lol2024/86e45f06/422f1a5c.jpeg
http://pic.yupoo.com/lol2024/b67c1bda/101c97c1.jpeg
http://pic.yupoo.com/lol2024/2b6315da/48212060.jpeg
http://pic.yupoo.com/lol2024/b508bcab/e62a48dd.jpeg
http://pic.yupoo.com/lol2024/03dbad8f/6193e7ce.jpeg
http://pic.yupoo.com/lol2024/119e8009/4c9a9b9c.jpeg
http://pic.yupoo.com/lol2024/25d2fe00/459f8c51.jpeg
http://pic.yupoo.com/lol2024/9d8ba26e/b9b11092.jpeg
http://pic.yupoo.com/lol2024/4ae3e1f6/00e28bdc.jpeg
http://pic.yupoo.com/lol2024/a6ada50c/b66b005f.jpeg
http://pic.yupoo.com/lol2024/b04de7f8/a47a538b.jpeg
http://pic.yupoo.com/lol2024/faa87e1e/73ad5262.jpeg
http://pic.yupoo.com/lol2024/517aa203/0956b52a.jpeg"
